image_path,text
images/000000.png,3/24 * 38/20
images/000001.png,12x = 25
images/000002.png,4/11 + 28/27
images/000003.png,x^2 - 25x + 15 = 0
images/000004.png,4/3 + 2/4
images/000005.png,12 + 15 = 39
images/000006.png,3/17 - 15/21
images/000007.png,9x = 6
images/000008.png,x + 11 = 28
images/000009.png,7x - 19 = 29x + 27
images/000010.png,9x + 14/43 = 3
images/000011.png,x + 7 = 3
images/000012.png,x^2 - 17x + 46 = 0
images/000013.png,9x + 4 = 13
images/000014.png,9/17 + 15 = 16
images/000015.png,7 - 17 = 9
images/000016.png,6/1 * 39/42
images/000017.png,7 * (6 + 13)
images/000018.png,5x + 21 = 9x + 45
images/000019.png,145% + 21%
images/000020.png,8x - 5 = 18
images/000021.png,9/16 + 24/11
images/000022.png,x^2 = 2
images/000023.png,x^2 = 9
images/000024.png,4/6 + 19 = 30
images/000025.png,7x + 29/16 = 8
images/000026.png,5/7 + 2/12
images/000027.png,5/21x + 27 = 47
images/000028.png,4 + 29 = 34
images/000029.png,67% + 9%
images/000030.png,63% + 5%
images/000031.png,(7/17) / (18/41)
images/000032.png,7/15 - 37/41
images/000033.png,x^2 + 13x + 30 = 0
images/000034.png,1/17 + 30
images/000035.png,4/9 + 5/8
images/000036.png,2/5x + 13 = 6
images/000037.png,11/23 + 22 = 32
images/000038.png,x + 10 = 5
images/000039.png,(6 + 13) * 50
images/000040.png,4/20x + 24 = 50
images/000041.png,10x^2 + 8x = 32
images/000042.png,9/28 * 12/41
images/000043.png,12x^2 + 19x = 17
images/000044.png,12 * (29 + 24)
images/000045.png,(1 + 28) * 13
images/000046.png,5 * (25 + 19)
images/000047.png,11x + 3/43 = 7
images/000048.png,10x + 5/13 = 14
images/000049.png,x - 6 = 7
